"dfScale","chiSQEdist","invWishartEdist","singularInvWishartEdist"
1,7.7301024523137,41.6187552997621,1462.1411594255
2,2.4789266586388,3.1315361386746,13.9941189482463
4,0.604244030204745,0.490947726244025,1.57469479832734
8,0.195127720982933,0.0680584791048931,0.365560473873476
16,0.0812794145998667,0.0164768989197178,0.10378110379286
32,0.0263411740975139,0.00365675706346009,0.0294455181261908
