"dfScale","chiSQEdist","invWishartEdist","singularInvWishartEdist"
1,1.32547829929516,6.82559884104064,187.645929875561
2,0.448848633919069,0.567658766792445,5.68769734716756
4,0.170429264900962,0.0773055991490423,0.434523612902409
8,0.0608112523367994,0.0132284164602547,0.0716730831943072
16,0.00947520082269743,0.00394108475449612,0.022871928513819
32,0.00566623707292505,0.00130916700641058,0.00734281899576904
